<?xml version="1.0" encoding="UTF-8"?>
<configuration debug="false">
    <!--定义日志文件的存储地址 勿在 LogBack 的配置中使用相对路径-->
    <!-- 定义日志文件名称 -->
    <property name="LOG_FILE" value="${sdd.log.file:-service.log}"/>

    <!--定义日志文件的存储地址 勿在 LogBack 的配置中使用相对路径-->
    <property name="LOG_DIR" value="${sdd.log.dir:-.}"/>

    <!--格式化输出：%d表示日期，%thread表示线程名，%-5level：级别从左显示5个字符宽度%msg：日志消息，%n是换行符-->
    <property name="LOG_PATTERN" value="%d{yyyy-MM-dd HH:mm:ss.SSS} [%thread] %-5level %logger{50} - %msg%n"/>

    <!--
        key:标识此<timestamp> 的名字；datePattern：设置将当前时间（解析配置文件的时间）转换为字符串的模式，遵循java.txt.SimpleDateFormat的格式。
    -->
    <timestamp key="BOOT_SECOND" datePattern="yyyyMMdd'T'HHmmss"/>

    <!-- 控制台输出 -->
    <appender name="STDOUT" class="ch.qos.logback.core.ConsoleAppender">
        <!--encoder：对日志进行格式化，未配置class属性时，默认配置为PatternLayoutEncoder-->
        <encoder class="ch.qos.logback.classic.encoder.PatternLayoutEncoder">
            <pattern>${LOG_PATTERN}</pattern>
            <!-- 日志编码 -->
            <charset class="java.nio.charset.Charset">UTF-8</charset>
        </encoder>
    </appender>

    <!-- 按照每天生成日志文件 -->
    <appender name="FILE"  class="ch.qos.logback.core.rolling.RollingFileAppender">
        <rollingPolicy class="ch.qos.logback.core.rolling.TimeBasedRollingPolicy">
            <!--日志文件输出的文件名-->
            <FileNamePattern>${LOG_DIR}/${LOG_FILE}.%d{yyyy-MM-dd}</FileNamePattern>
            <!--日志文件保留天数-->
            <MaxHistory>10</MaxHistory>
        </rollingPolicy>
        <!--
            encoder：对日志进行格式化，未配置class属性时，默认配置为PatternLayoutEncoder
        -->
        <encoder class="ch.qos.logback.classic.encoder.PatternLayoutEncoder">
            <pattern>${LOG_PATTERN}</pattern>
            <!-- 日志编码 -->
            <charset class="java.nio.charset.Charset">UTF-8</charset>
        </encoder>
        <!-- 只输出level级别以上的日志 -->
        <filter class="ch.qos.logback.classic.filter.ThresholdFilter">
            <level>DEBUG</level>
        </filter>
    </appender>

    <!-- 显示sql改为debug -->
    <logger level="ERROR" name="com.sensorsdata.helpcenter.mapper"/>

    <!-- 日志输出级别 -->
    <root level="INFO">
        <appender-ref ref="STDOUT" />
        <appender-ref ref="FILE" />
    </root>
</configuration>
